<?xml version='1.0' encoding='UTF-8'?>
<!-- 1) -->
<ExtensionManifest ExtensionBundleId="com.my.test" ExtensionBundleVersion="1.0.0" Version="7.0" xmlns:xsi="http://www.w3.org/2001/XMLSchema-instance">
    <ExtensionList>
        <!-- 2) -->
        <Extension Id="com.my.test.panel" Version="1.0.0" />
    </ExtensionList>
    <ExecutionEnvironment>
        <HostList>
            <!-- 3) -->
            <Host Name="PHSP" Version="19" />
            <Host Name="PHXS" Version="19" />
        </HostList>
        <LocaleList>
            <Locale Code="All" />
        </LocaleList>
        <RequiredRuntimeList>
            <RequiredRuntime Name="CSXS" Version="7.0" />
        </RequiredRuntimeList>
    </ExecutionEnvironment>
    <DispatchInfoList>
        <!-- 2) -->
        <Extension Id="com.my.test.panel">
            <DispatchInfo>
                <Resources>
                    <!-- 4) -->
                    <MainPath>./client/index.html</MainPath>
                    <!-- 5) -->
                    <!-- <ScriptPath>./host/index_encode.jsx</ScriptPath> -->
                    <ScriptPath>./host/index.jsx</ScriptPath>
                    <CEFCommandLine>
                        <Parameter>--enable-nodejs</Parameter>
                        <Parameter>--mixed-context</Parameter>
                    </CEFCommandLine>
                </Resources>
                <Lifecycle>
                    <AutoVisible>true</AutoVisible>
                </Lifecycle>
                <UI>
                    <Type>Panel</Type>
                    <!-- 6) -->
                    <Menu>My First Panel</Menu>
                    <Geometry>
                        <Size>
                            <!-- 7) -->
                            <Height>500</Height>
                            <Width>350</Width>
                        </Size>
                    </Geometry>
                    <Icons />
                </UI>
            </DispatchInfo>
        </Extension>
    </DispatchInfoList>
</ExtensionManifest>